{"cameraMode":{"drawMode":2,"name":"Shaded Wireframe","section":"Shading Mode"},"sceneLighting":true,"audioPlay":false,"sceneViewState":{"showFog":true,"showMaterialUpdate":false,"showSkybox":true,"showFlares":true,"showImageEffects":true,"showParticleSystems":true},"in2DMode":false,"pivot":{"x":27.792020797729493,"y":-75.1077880859375,"z":19.275320053100587},"rotation":{"x":-0.10714443027973175,"y":0.38859543204307558,"z":0.045552924275398257,"w":0.9140233397483826},"size":8.014677047729493,"orthographic":false}